alert_key,probability
352249,0.0323814
352253,0.0189902
352254,0.018593
352280,0.0170761
352282,0.0162331
352291,0.0156284
352298,0.01195
352301,0.011883
352302,0.0117369
352305,0.0104988
352307,0.0100971
352309,0.0088726
352312,0.0088165
352316,0.0080354
352320,0.0080095
352329,0.0071719
352330,0.007062
352331,0.0070005
352332,0.0069696
352337,0.0067705
352342,0.0067039
352343,0.0064048
352344,0.0062873
352465,0.0061522
352470,0.0060484
352472,0.0060358
352476,0.0057664
352480,0.0057327
352484,0.0055729
352487,0.0054242
352488,0.0053486
352492,0.0052243
352493,0.0051537
352494,0.0050212
352495,0.0050209
352497,0.0050067
352501,0.0049918
352503,0.0049449
352507,0.004943
352508,0.0049234
352520,0.0047731
352522,0.0047471
352557,0.0047243
352558,0.0046006
352651,0.0045479
352654,0.0045247
352658,0.0044372
352660,0.0044138
352670,0.0044005
352680,0.0042813
352683,0.0041923
352684,0.0041643
352685,0.0041616
352686,0.0041222
352691,0.0041066
352692,0.0040233
352693,0.0040087
352696,0.0039243
352699,0.0038063
352700,0.003759
352704,0.0036296
352705,0.003621
352710,0.0036147
352715,0.0035743
352816,0.0034849
352819,0.0034562
352857,0.0034518
352858,0.0033878
352859,0.0033353
352865,0.0033099
352866,0.0032178
352870,0.0032024
352871,0.0031672
352872,0.0031204
352874,0.0031171
352876,0.0030675
352877,0.0030599
352880,0.0030405
352886,0.003039
352888,0.0030215
353030,0.0029318
353032,0.0029253
353033,0.0028784
353041,0.0027621
353043,0.0027154
353045,0.002658
353047,0.0026578
353051,0.0026372
353054,0.0026352
353056,0.0025022
353059,0.0024989
353065,0.0024921
353072,0.0023969
353074,0.0023675
353075,0.002347
353077,0.0023257
353080,0.0022956
353083,0.002286
353084,0.0022642
353166,0.0021766
353172,0.0021722
353178,0.0021518
353198,0.0021445
353200,0.0021382
353201,0.0020988
353205,0.0020947
353209,0.0020894
353213,0.0020444
353220,0.0020354
353227,0.0020254
353229,0.002022
353231,0.0020126
353233,0.0019985
353234,0.00199
353236,0.0019698
353241,0.0019686
353243,0.0019533
353247,0.0019462
353248,0.0019274
353359,0.0019194
353366,0.0019171
353376,0.001916
353383,0.0019033
353385,0.0018725
353386,0.001861
353388,0.0018586
353394,0.0018542
353396,0.0018525
353399,0.0018498
353403,0.0018414
353404,0.0018314
353405,0.0018136
353407,0.0017966
353413,0.0017862
353415,0.0017614
353416,0.0017456
353494,0.0017431
353518,0.0017416
353540,0.0017371
353541,0.0017324
353545,0.0017066
353549,0.0016872
353550,0.0016632
353556,0.001659
353558,0.0016564
353560,0.0016476
353561,0.0016093
353566,0.0016016
353568,0.0015868
353569,0.0015848
353571,0.0015751
353578,0.0015449
353579,0.001531
353582,0.00152
353586,0.0015153
353587,0.0015107
353589,0.0014864
353592,0.0014789
353596,0.0014629
353823,0.0014469
353825,0.00144
353831,0.0014146
353833,0.001411
353835,0.0014068
353843,0.0013994
353847,0.001391
353848,0.001388
353851,0.0013875
353855,0.0013801
353857,0.0013738
353860,0.0013133
353861,0.001312
353864,0.0012677
353865,0.0012642
353867,0.0012416
353868,0.0012308
353870,0.001213
353872,0.0012115
353875,0.0012078
353878,0.0012017
353879,0.0011952
353885,0.0011778
353888,0.0011728
353890,0.0011649
354007,0.0011576
354013,0.0011516
354014,0.0011498
354015,0.0011363
354022,0.0011355
354024,0.0011296
354027,0.0011228
354039,0.0011218
354040,0.0011131
354044,0.001109
354045,0.0010951
354047,0.0010938
354048,0.001088
354049,0.0010877
354054,0.0010876
354061,0.0010791
354143,0.0010652
354177,0.0010633
354178,0.0010532
354211,0.0010471
354212,0.0010452
354218,0.0010405
354220,0.001026
354223,0.0010184
354226,0.0010158
354229,0.0010143
354234,0.0010142
354235,0.0010124
354238,0.0010071
354239,0.0010007
354245,0.000996
354246,0.0009936
354254,0.0009688
354256,0.0009625
354258,0.0009539
354260,0.0009516
354261,0.000937
354262,0.0009347
354263,0.0009193
354401,0.0009146
354402,0.0009119
354407,0.0009095
354413,0.0009081
354415,0.0008956
354417,0.0008731
354421,0.0008713
354423,0.0008613
354428,0.0008536
354430,0.0008494
354431,0.0008468
354432,0.0008356
354435,0.0008294
354440,0.0008244
354442,0.0008242
354443,0.0008184
354446,0.0008104
354447,0.0008093
354448,0.0008039
354449,0.0008004
354452,0.0007979
354453,0.000796
354459,0.0007888
354465,0.0007831
354468,0.0007637
354470,0.000763
354471,0.0007584
354565,0.000753
354569,0.0007438
354573,0.0007426
354576,0.0007425
354595,0.0007386
354596,0.0007352
354603,0.0007311
354604,0.000731
354606,0.0007291
354607,0.0007284
354609,0.0007281
354612,0.0007262
354613,0.0007235
354616,0.0007227
354618,0.0007208
354619,0.0007194
354622,0.0007165
354625,0.0007112
354628,0.0007046
354629,0.0007013
354630,0.000683
354633,0.0006789
354642,0.0006776
354643,0.0006747
354652,0.0006732
354658,0.0006719
354661,0.0006631
354662,0.0006595
354663,0.0006542
354667,0.0006528
354668,0.0006434
354669,0.0006433
354670,0.000643
354672,0.0006388
354673,0.0006368
354675,0.0006344
354679,0.000627
354756,0.0006256
354759,0.0006231
354778,0.0006168
354780,0.0006153
354788,0.0006101
354790,0.0006095
354792,0.0006091
354795,0.0006071
354796,0.0005996
354798,0.0005987
354799,0.0005969
354801,0.0005961
354804,0.0005943
354807,0.0005918
354810,0.0005897
354813,0.0005862
354814,0.0005826
354817,0.0005777
354818,0.0005751
354819,0.0005712
354820,0.0005697
354821,0.0005691
354824,0.0005686
354826,0.0005683
354828,0.0005668
354831,0.0005574
354834,0.0005571
354836,0.0005548
354837,0.0005524
354842,0.0005504
354847,0.000549
354850,0.0005481
354853,0.0005435
354854,0.0005419
354855,0.0005406
354911,0.0005405
354928,0.00054
354930,0.0005283
354935,0.0005244
354938,0.0005216
354939,0.000519
354942,0.0005189
354943,0.0005189
354944,0.0005185
354947,0.0005173
354950,0.0005113
354951,0.0005111
354958,0.0005074
354959,0.0005074
354962,0.0005004
354966,0.0004938
354967,0.0004916
354968,0.0004871
354970,0.0004847
354971,0.0004846
354973,0.0004833
354978,0.0004769
355090,0.0004756
355091,0.0004733
355123,0.0004727
355134,0.0004712
355146,0.0004648
355147,0.0004644
355150,0.0004626
355152,0.0004611
355155,0.000461
355156,0.0004601
355166,0.0004598
355168,0.0004591
355171,0.0004587
355178,0.0004488
355179,0.0004457
355181,0.000442
355182,0.0004418
355183,0.00044
355188,0.0004399
355193,0.0004396
355196,0.0004363
355197,0.0004345
355198,0.0004343
355201,0.000426
355202,0.0004245
355203,0.0004233
355204,0.0004227
355212,0.0004222
355215,0.0004215
355216,0.0004172
355221,0.0004161
355222,0.0004086
355347,0.0004057
355361,0.0004032
355362,0.0004029
355364,0.0004009
355373,0.0003994
355375,0.0003982
355376,0.0003961
355378,0.0003957
355379,0.000395
355380,0.0003932
355382,0.0003899
355384,0.0003879
355386,0.0003818
355388,0.00038
355389,0.0003769
355392,0.0003762
355395,0.0003748
355397,0.0003736
355402,0.0003735
355403,0.0003732
355404,0.000372
355411,0.000367
355413,0.0003655
355417,0.0003647
355418,0.0003645
355420,0.0003629
355424,0.000362
355426,0.0003608
355428,0.0003599
355429,0.0003585
355431,0.0003563
355434,0.0003526
355436,0.000352
355458,0.000352
355501,0.0003514
355519,0.0003511
355521,0.0003505
355522,0.0003504
355523,0.0003497
355525,0.0003495
355527,0.0003482
355532,0.0003415
355538,0.0003409
355540,0.0003407
355542,0.0003405
355545,0.0003388
355546,0.0003382
355548,0.0003382
355549,0.0003358
355555,0.0003336
355556,0.0003334
355557,0.0003326
355558,0.0003304
355559,0.0003286
355561,0.0003254
355563,0.0003247
355565,0.0003226
355566,0.000322
355567,0.0003218
355570,0.0003216
355633,0.0003208
355667,0.0003192
355671,0.0003172
355672,0.0003166
355673,0.0003149
355677,0.0003146
355678,0.0003139
355679,0.0003127
355705,0.0003124
355716,0.0003119
355724,0.0003107
355725,0.0003105
355729,0.0003103
355731,0.0003102
355734,0.0003101
355737,0.0003095
355740,0.0003094
355741,0.0003087
355745,0.0003083
355748,0.000308
355751,0.000308
355753,0.0003074
355755,0.0003072
355756,0.0003071
355757,0.0003061
355759,0.0003058
355761,0.000304
355762,0.0003032
355769,0.0003031
355770,0.0003019
355772,0.0003013
355773,0.000301
355775,0.0003
355776,0.0002992
355780,0.0002987
355787,0.000296
355789,0.0002933
355791,0.0002928
355792,0.0002927
355793,0.0002913
355794,0.0002904
355795,0.00029
355800,0.0002876
355801,0.0002874
355806,0.0002838
355808,0.0002838
355810,0.0002821
355812,0.0002816
355813,0.0002808
355814,0.0002806
355815,0.0002805
355816,0.0002804
355822,0.00028
355827,0.0002798
355884,0.0002762
355895,0.0002749
355899,0.0002732
355900,0.0002715
355901,0.0002705
355905,0.0002704
355909,0.0002694
355911,0.0002687
355915,0.000268
355916,0.0002679
355917,0.0002675
356014,0.0002675
356016,0.0002665
356017,0.0002661
356018,0.0002648
356033,0.0002646
356034,0.0002636
356037,0.0002636
356043,0.0002634
356044,0.0002634
356045,0.0002616
356050,0.0002599
356052,0.0002587
356054,0.0002579
356055,0.0002576
356057,0.000257
356058,0.0002568
356065,0.0002559
356068,0.0002549
356070,0.0002543
356075,0.0002541
356119,0.000253
356120,0.0002521
356140,0.0002519
356156,0.0002515
356165,0.0002513
356173,0.0002511
356179,0.0002501
356180,0.0002489
356182,0.0002481
356183,0.0002474
356186,0.0002455
356187,0.0002441
356188,0.0002441
356189,0.0002437
356195,0.0002427
356214,0.0002399
356216,0.0002397
356220,0.0002395
356221,0.0002378
356225,0.0002364
356228,0.0002353
356229,0.0002345
356245,0.0002328
356246,0.0002326
356248,0.0002326
356249,0.0002314
356288,0.0002294
356300,0.0002292
356303,0.0002259
356304,0.0002251
356305,0.0002251
356306,0.000224
356307,0.0002232
356311,0.0002208
356313,0.0002207
356314,0.0002201
356315,0.0002191
356316,0.0002186
356369,0.0002177
356372,0.000217
356384,0.0002166
356386,0.0002163
356387,0.0002155
356388,0.0002148
356390,0.0002126
356395,0.0002123
356399,0.0002118
356403,0.0002114
356405,0.0002102
356407,0.0002087
356408,0.0002083
356409,0.0002036
356410,0.0002026
356411,0.0002019
356413,0.0002008
356418,0.000199
356420,0.0001977
356421,0.000197
356422,0.0001966
356424,0.0001953
356426,0.0001933
356429,0.0001924
356484,0.0001924
356565,0.0001919
356569,0.0001907
356588,0.0001889
356589,0.0001887
356594,0.0001882
356599,0.0001876
356600,0.0001873
356601,0.0001865
356602,0.0001859
356605,0.0001855
356606,0.0001854
356608,0.0001852
356610,0.0001851
356611,0.0001847
356612,0.0001841
356614,0.0001838
356617,0.000183
356624,0.0001827
356628,0.0001823
356629,0.0001819
356630,0.0001818
356632,0.0001814
356634,0.000181
356637,0.0001808
356638,0.0001799
356639,0.0001795
356642,0.0001792
356644,0.0001791
356734,0.0001787
356736,0.0001785
356742,0.0001781
356745,0.0001768
356746,0.0001759
356749,0.0001753
356752,0.0001741
356753,0.0001722
356756,0.0001721
356757,0.0001715
356763,0.0001714
356765,0.0001712
356771,0.000171
356773,0.0001706
356774,0.0001704
356776,0.0001696
356777,0.0001692
356779,0.0001662
356781,0.000166
356783,0.0001658
356784,0.0001655
356787,0.0001654
356789,0.0001648
356790,0.0001643
356792,0.0001643
356795,0.0001642
356859,0.0001637
356884,0.0001631
356890,0.0001624
356911,0.0001616
356918,0.0001603
356924,0.0001599
356932,0.0001597
356941,0.0001577
356944,0.0001574
356949,0.000156
356950,0.000156
356951,0.000156
356953,0.0001558
356957,0.0001557
356959,0.0001552
356960,0.0001549
356962,0.0001546
356966,0.0001537
356968,0.0001527
356969,0.0001517
357058,0.0001512
357064,0.000151
357066,0.000151
357067,0.0001505
357068,0.0001499
357069,0.0001493
357077,0.0001481
357079,0.0001477
357081,0.0001467
357084,0.0001467
357086,0.0001463
357089,0.0001451
357090,0.0001438
357091,0.0001437
357092,0.0001435
357093,0.0001434
357094,0.0001434
357095,0.0001433
357098,0.0001431
357100,0.000143
357101,0.0001427
357103,0.0001423
357106,0.0001412
357107,0.000141
357108,0.0001407
357109,0.0001406
357112,0.0001385
357115,0.0001382
357116,0.000138
357119,0.0001375
357122,0.0001374
357124,0.0001361
357128,0.0001354
357209,0.0001354
357216,0.0001348
357221,0.0001348
357222,0.0001342
357223,0.000134
357233,0.0001336
357237,0.0001333
357259,0.0001318
357261,0.0001312
357262,0.0001309
357274,0.0001303
357275,0.0001302
357278,0.0001295
357281,0.0001291
357282,0.0001288
357285,0.0001286
357286,0.000128
357287,0.0001276
357288,0.0001273
357290,0.000127
357291,0.0001267
357292,0.0001267
357294,0.0001264
357295,0.0001261
357297,0.0001258
357300,0.0001252
357302,0.000123
357303,0.000123
357304,0.0001222
357307,0.0001222
357313,0.0001217
357314,0.0001216
357318,0.0001213
357319,0.0001193
357320,0.0001193
357321,0.0001193
357322,0.0001187
357324,0.0001177
357327,0.000116
357341,0.0001159
357347,0.0001159
357441,0.0001158
357442,0.0001158
357445,0.000115
357447,0.0001147
357448,0.0001143
357455,0.0001141
357456,0.0001138
357457,0.0001132
357458,0.0001131
357466,0.0001127
357468,0.0001118
357471,0.0001116
357474,0.0001114
357475,0.0001108
357478,0.0001105
357482,0.00011
357484,0.0001095
357485,0.0001089
357488,0.0001082
357489,0.0001077
357490,0.0001074
357493,0.000107
357497,0.000107
357498,0.0001069
357499,0.0001068
357502,0.0001066
357506,0.0001065
357507,0.0001055
357509,0.0001055
357510,0.0001054
357513,0.0001051
357519,0.0001051
357521,0.000105
357525,0.0001049
357526,0.0001048
357527,0.0001045
357567,0.0001039
357628,0.0001038
357656,0.0001038
357658,0.0001037
357661,0.0001037
357668,0.0001032
357670,0.0001031
357671,0.0001031
357676,0.000103
357677,0.0001021
357682,0.0001018
357688,0.0001011
357692,0.000101
357693,0.0001009
357695,0.0001002
357699,9.99e-05
357700,9.95e-05
357701,9.9e-05
357702,9.9e-05
357705,9.89e-05
357706,9.88e-05
357709,9.88e-05
357712,9.82e-05
357715,9.75e-05
357717,9.73e-05
357788,9.7e-05
357817,9.65e-05
357841,9.64e-05
357848,9.59e-05
357849,9.54e-05
357850,9.54e-05
357852,9.45e-05
357856,9.42e-05
357858,9.41e-05
357861,9.39e-05
357862,9.2e-05
357863,9.19e-05
357866,9.11e-05
357869,9.06e-05
357870,8.98e-05
357871,8.97e-05
357874,8.95e-05
357882,8.92e-05
357883,8.86e-05
357885,8.84e-05
357887,8.82e-05
357888,8.82e-05
357889,8.81e-05
357892,8.76e-05
357893,8.75e-05
357897,8.74e-05
357902,8.74e-05
357904,8.72e-05
357905,8.71e-05
357907,8.7e-05
358001,8.68e-05
358005,8.67e-05
358006,8.67e-05
358008,8.65e-05
358026,8.64e-05
358029,8.64e-05
358030,8.59e-05
358033,8.49e-05
358034,8.47e-05
358036,8.46e-05
358037,8.45e-05
358040,8.45e-05
358044,8.41e-05
358046,8.39e-05
358048,8.35e-05
358054,8.34e-05
358059,8.34e-05
358061,8.26e-05
358063,8.23e-05
358064,8.18e-05
358066,8.18e-05
358067,8.16e-05
358071,8.04e-05
358138,8.04e-05
358144,8.02e-05
358157,8e-05
358167,7.98e-05
358172,7.96e-05
358178,7.93e-05
358192,7.86e-05
358193,7.86e-05
358195,7.85e-05
358197,7.85e-05
358199,7.8e-05
358206,7.77e-05
358207,7.75e-05
358211,7.71e-05
358212,7.68e-05
358213,7.66e-05
358214,7.64e-05
358216,7.63e-05
358220,7.6e-05
358222,7.6e-05
358223,7.59e-05
358227,7.51e-05
358228,7.51e-05
358229,7.5e-05
358232,7.45e-05
358233,7.44e-05
358235,7.44e-05
358237,7.41e-05
358239,7.39e-05
358242,7.38e-05
358248,7.34e-05
358250,7.31e-05
358252,7.3e-05
358253,7.26e-05
358254,7.25e-05
358256,7.24e-05
358258,7.15e-05
358260,7.15e-05
358264,7.12e-05
358265,7.04e-05
358268,7.01e-05
358269,6.99e-05
358273,6.95e-05
358276,6.95e-05
358280,6.93e-05
358281,6.92e-05
358282,6.9e-05
358298,6.81e-05
358300,6.78e-05
358331,6.74e-05
358410,6.72e-05
358421,6.69e-05
358430,6.69e-05
358431,6.67e-05
358432,6.66e-05
358434,6.62e-05
358438,6.61e-05
358442,6.56e-05
358443,6.55e-05
358444,6.54e-05
358451,6.5e-05
358452,6.49e-05
358453,6.48e-05
358454,6.47e-05
358455,6.46e-05
358456,6.45e-05
358457,6.44e-05
358458,6.42e-05
358459,6.4e-05
358462,6.38e-05
358463,6.38e-05
358464,6.37e-05
358466,6.37e-05
358467,6.35e-05
358470,6.23e-05
358471,6.22e-05
358472,6.21e-05
358479,6.13e-05
358480,6.12e-05
358481,6.12e-05
358482,6.11e-05
358568,6.11e-05
358569,6.11e-05
358588,6.07e-05
358592,6.03e-05
358593,6e-05
358600,5.99e-05
358601,5.99e-05
358602,5.99e-05
358604,5.99e-05
358605,5.97e-05
358610,5.97e-05
358616,5.97e-05
358620,5.96e-05
358621,5.87e-05
358622,5.86e-05
358624,5.86e-05
358625,5.83e-05
358626,5.79e-05
358693,5.79e-05
358708,5.78e-05
358709,5.77e-05
358717,5.76e-05
358721,5.73e-05
358723,5.7e-05
358725,5.68e-05
358726,5.67e-05
358731,5.66e-05
358733,5.66e-05
358734,5.65e-05
358736,5.65e-05
358740,5.58e-05
358742,5.53e-05
358769,5.52e-05
358808,5.51e-05
358819,5.51e-05
358828,5.48e-05
358833,5.47e-05
358834,5.47e-05
358835,5.46e-05
358836,5.46e-05
358837,5.45e-05
358841,5.44e-05
358842,5.43e-05
358844,5.43e-05
358846,5.38e-05
358847,5.37e-05
358849,5.36e-05
358850,5.34e-05
358911,5.33e-05
358946,5.32e-05
358956,5.3e-05
358960,5.28e-05
358968,5.26e-05
358970,5.26e-05
358974,5.25e-05
358975,5.24e-05
358977,5.24e-05
358980,5.22e-05
358981,5.19e-05
358983,5.18e-05
358984,5.15e-05
358987,5.1e-05
358988,5.09e-05
358989,5.07e-05
358993,5.07e-05
358996,5.07e-05
359084,5.02e-05
359110,5.02e-05
359113,5.02e-05
359116,5.02e-05
359121,5e-05
359126,4.99e-05
359130,4.98e-05
359131,4.98e-05
359132,4.98e-05
359134,4.97e-05
359135,4.95e-05
359141,4.93e-05
359142,4.88e-05
359143,4.88e-05
359201,4.87e-05
359220,4.86e-05
359222,4.85e-05
359223,4.84e-05
359227,4.83e-05
359244,4.83e-05
359247,4.82e-05
359253,4.8e-05
359255,4.8e-05
359260,4.76e-05
359263,4.75e-05
359268,4.75e-05
359269,4.73e-05
359270,4.73e-05
359272,4.72e-05
359339,4.72e-05
359340,4.72e-05
359361,4.71e-05
359362,4.7e-05
359365,4.67e-05
359369,4.67e-05
359370,4.66e-05
359371,4.66e-05
359373,4.66e-05
359376,4.62e-05
359377,4.62e-05
359382,4.62e-05
359384,4.6e-05
359385,4.57e-05
359389,4.53e-05
359390,4.53e-05
359391,4.52e-05
359393,4.51e-05
359398,4.51e-05
359400,4.51e-05
359467,4.5e-05
359468,4.48e-05
359469,4.48e-05
359477,4.46e-05
359481,4.41e-05
359483,4.41e-05
359487,4.4e-05
359488,4.37e-05
359491,4.37e-05
359494,4.37e-05
359495,4.36e-05
359498,4.35e-05
359499,4.35e-05
359500,4.35e-05
359506,4.33e-05
359507,4.31e-05
359536,4.3e-05
359603,4.3e-05
359605,4.3e-05
359607,4.29e-05
359608,4.29e-05
359610,4.29e-05
359625,4.29e-05
359626,4.29e-05
359633,4.28e-05
359636,4.28e-05
359638,4.27e-05
359639,4.27e-05
359642,4.22e-05
359647,4.21e-05
359648,4.21e-05
359650,4.2e-05
359652,4.19e-05
359653,4.19e-05
359654,4.18e-05
359656,4.18e-05
359657,4.16e-05
359658,4.14e-05
359668,4.14e-05
359673,4.14e-05
359674,4.12e-05
359675,4.12e-05
359680,4.12e-05
359681,4.11e-05
359731,4.1e-05
359732,4.1e-05
359737,4.1e-05
359759,4.08e-05
359762,4.08e-05
359767,4.06e-05
359768,4.06e-05
359771,4.05e-05
359774,4.05e-05
359775,4.04e-05
359777,4.03e-05
359781,4.03e-05
359782,4.02e-05
359784,4.01e-05
359785,3.99e-05
359819,3.99e-05
359827,3.99e-05
359828,3.98e-05
359831,3.96e-05
359837,3.95e-05
359841,3.93e-05
359848,3.92e-05
359849,3.91e-05
359851,3.9e-05
359852,3.9e-05
359853,3.9e-05
359854,3.89e-05
359856,3.88e-05
359857,3.86e-05
359858,3.83e-05
359860,3.82e-05
359863,3.81e-05
359925,3.81e-05
359941,3.81e-05
359945,3.8e-05
359946,3.8e-05
359947,3.78e-05
359950,3.78e-05
359954,3.78e-05
359956,3.77e-05
359959,3.77e-05
359960,3.77e-05
359961,3.76e-05
360011,3.74e-05
360015,3.74e-05
360018,3.73e-05
360029,3.72e-05
360034,3.72e-05
360037,3.71e-05
360039,3.7e-05
360040,3.69e-05
360041,3.68e-05
360043,3.68e-05
360046,3.67e-05
360049,3.64e-05
360053,3.64e-05
360058,3.64e-05
360062,3.62e-05
360063,3.61e-05
360064,3.6e-05
360065,3.59e-05
360066,3.57e-05
360069,3.57e-05
360072,3.54e-05
360074,3.54e-05
360075,3.54e-05
360077,3.5e-05
360078,3.49e-05
360079,3.48e-05
360081,3.48e-05
360082,3.48e-05
360085,3.47e-05
360088,3.47e-05
360090,3.46e-05
360094,3.46e-05
360147,3.45e-05
360225,3.45e-05
360226,3.44e-05
360230,3.43e-05
360231,3.43e-05
360232,3.42e-05
360233,3.41e-05
360235,3.39e-05
360249,3.38e-05
360250,3.37e-05
360251,3.36e-05
360254,3.35e-05
360260,3.34e-05
360263,3.34e-05
360264,3.33e-05
360269,3.32e-05
360271,3.32e-05
360273,3.31e-05
360278,3.31e-05
360279,3.31e-05
360281,3.29e-05
360282,3.29e-05
360286,3.29e-05
360287,3.26e-05
360288,3.26e-05
360290,3.25e-05
360292,3.24e-05
360293,3.24e-05
360294,3.22e-05
360386,3.22e-05
360387,3.21e-05
360388,3.21e-05
360391,3.21e-05
360393,3.19e-05
360395,3.19e-05
360396,3.19e-05
360400,3.17e-05
360401,3.17e-05
360402,3.16e-05
360406,3.16e-05
360409,3.16e-05
360468,3.16e-05
360492,3.15e-05
360513,3.15e-05
360516,3.14e-05
360521,3.14e-05
360529,3.13e-05
360534,3.13e-05
360553,3.12e-05
360556,3.12e-05
360558,3.11e-05
360559,3.1e-05
360562,3.09e-05
360563,3.07e-05
360566,3.07e-05
360567,3.07e-05
360572,3.07e-05
360575,3.03e-05
360576,3.02e-05
360577,3.02e-05
360581,3.02e-05
360582,3.02e-05
360583,3.01e-05
360584,3e-05
360588,3e-05
360589,2.99e-05
360590,2.99e-05
360591,2.95e-05
360592,2.95e-05
360593,2.95e-05
360594,2.94e-05
360596,2.93e-05
360597,2.92e-05
360598,2.91e-05
360600,2.9e-05
360601,2.88e-05
360604,2.87e-05
360609,2.87e-05
360610,2.87e-05
360645,2.84e-05
360646,2.83e-05
360648,2.81e-05
360649,2.81e-05
360651,2.81e-05
360652,2.78e-05
360653,2.77e-05
360654,2.77e-05
360655,2.75e-05
360661,2.75e-05
360730,2.75e-05
360786,2.75e-05
360789,2.73e-05
360810,2.72e-05
360812,2.72e-05
360814,2.71e-05
360820,2.71e-05
360825,2.7e-05
360827,2.7e-05
360833,2.69e-05
360839,2.69e-05
360842,2.68e-05
360843,2.68e-05
360846,2.68e-05
360847,2.68e-05
360849,2.67e-05
360854,2.66e-05
360855,2.65e-05
360923,2.65e-05
360951,2.64e-05
360954,2.62e-05
360955,2.6e-05
360976,2.6e-05
360979,2.6e-05
360985,2.6e-05
360989,2.58e-05
360990,2.58e-05
360991,2.58e-05
360997,2.53e-05
360998,2.53e-05
361000,2.53e-05
361001,2.52e-05
361002,2.52e-05
361003,2.52e-05
361006,2.51e-05
361008,2.51e-05
361010,2.5e-05
361011,2.5e-05
361012,2.49e-05
361015,2.47e-05
361018,2.46e-05
361020,2.46e-05
361021,2.46e-05
361024,2.44e-05
361025,2.43e-05
361028,2.43e-05
361114,2.43e-05
361117,2.42e-05
361118,2.41e-05
361123,2.4e-05
361124,2.39e-05
361128,2.38e-05
361129,2.38e-05
361133,2.37e-05
361136,2.35e-05
361137,2.34e-05
361140,2.34e-05
361141,2.33e-05
361143,2.33e-05
361144,2.33e-05
361145,2.33e-05
361146,2.33e-05
361147,2.31e-05
361150,2.3e-05
361152,2.3e-05
361158,2.3e-05
361160,2.3e-05
361162,2.3e-05
361166,2.29e-05
361234,2.28e-05
361261,2.28e-05
361262,2.28e-05
361263,2.28e-05
361266,2.27e-05
361269,2.27e-05
361270,2.26e-05
361273,2.25e-05
361277,2.24e-05
361278,2.24e-05
361280,2.22e-05
361282,2.21e-05
361284,2.21e-05
361285,2.2e-05
361286,2.2e-05
361287,2.2e-05
361290,2.2e-05
361291,2.2e-05
361292,2.19e-05
361294,2.19e-05
361295,2.18e-05
361296,2.16e-05
361298,2.16e-05
361299,2.15e-05
361302,2.15e-05
361303,2.15e-05
361306,2.13e-05
361308,2.13e-05
361312,2.13e-05
361313,2.11e-05
361314,2.11e-05
361408,2.11e-05
361431,2.1e-05
361432,2.07e-05
361433,2.06e-05
361436,2.02e-05
361437,2.02e-05
361442,2.02e-05
361445,2.02e-05
361446,2.02e-05
361450,2.01e-05
361456,2.01e-05
361459,1.99e-05
361460,1.99e-05
361463,1.99e-05
361545,1.98e-05
361547,1.97e-05
361550,1.96e-05
361551,1.96e-05
361552,1.96e-05
361556,1.96e-05
361559,1.95e-05
361565,1.94e-05
361566,1.94e-05
361569,1.93e-05
361570,1.93e-05
361574,1.93e-05
361575,1.93e-05
361576,1.92e-05
361577,1.9e-05
361580,1.89e-05
361581,1.88e-05
361589,1.88e-05
361592,1.88e-05
361594,1.87e-05
361617,1.85e-05
361685,1.84e-05
361689,1.84e-05
361690,1.84e-05
361692,1.83e-05
361698,1.83e-05
361705,1.83e-05
361706,1.82e-05
361707,1.82e-05
361709,1.81e-05
361710,1.81e-05
361711,1.8e-05
361715,1.8e-05
361718,1.8e-05
361720,1.78e-05
361721,1.78e-05
361778,1.78e-05
361822,1.78e-05
361826,1.76e-05
361827,1.74e-05
361828,1.73e-05
361835,1.73e-05
361836,1.73e-05
361837,1.72e-05
361839,1.71e-05
361843,1.7e-05
361845,1.7e-05
361847,1.66e-05
361848,1.66e-05
361849,1.65e-05
361851,1.64e-05
361854,1.64e-05
361855,1.63e-05
361856,1.61e-05
361857,1.6e-05
361859,1.6e-05
361860,1.59e-05
361861,1.59e-05
361863,1.59e-05
361864,1.59e-05
361865,1.54e-05
361866,1.53e-05
361867,1.52e-05
361976,1.52e-05
361986,1.51e-05
361989,1.5e-05
361996,1.5e-05
361998,1.5e-05
361999,1.5e-05
362002,1.5e-05
362003,1.49e-05
362005,1.49e-05
362015,1.49e-05
362074,1.49e-05
362101,1.49e-05
362125,1.48e-05
362127,1.47e-05
362131,1.47e-05
362132,1.45e-05
362136,1.44e-05
362142,1.44e-05
362144,1.42e-05
362147,1.42e-05
362149,1.4e-05
362151,1.4e-05
362152,1.4e-05
362153,1.38e-05
362154,1.36e-05
362155,1.33e-05
362171,1.33e-05
362174,1.31e-05
362175,1.3e-05
362176,1.29e-05
362203,1.29e-05
362207,1.28e-05
362208,1.27e-05
362214,1.25e-05
362219,1.24e-05
362220,1.22e-05
362223,1.21e-05
362225,1.21e-05
362226,1.2e-05
362227,1.2e-05
362230,1.17e-05
362233,1.15e-05
362241,1.14e-05
362242,1.12e-05
362243,1.11e-05
362245,1.1e-05
362246,1.09e-05
362247,1.07e-05
362273,1.04e-05
362284,1.03e-05
362285,1.03e-05
362287,1.02e-05
362296,1.02e-05
362298,1.01e-05
362301,1e-05
362449,9.9e-06
362450,9.7e-06
362451,9.6e-06
362458,9.6e-06
362461,9.4e-06
362463,9.3e-06
362468,9.3e-06
362469,9.2e-06
362470,9.2e-06
362472,9.1e-06
362473,8.8e-06
362477,8.7e-06
362478,8.7e-06
362479,8.7e-06
362480,8.4e-06
362481,8.3e-06
362483,8.3e-06
362486,8.2e-06
362488,8.2e-06
362490,8.2e-06
362586,8.1e-06
362701,8.1e-06
362715,7.9e-06
362717,7.7e-06
362723,7.7e-06
362724,7.7e-06
362725,7.6e-06
362727,7.6e-06
362733,7.5e-06
362734,7.5e-06
362735,7.2e-06
362736,7.1e-06
362800,7.1e-06
362823,6.9e-06
362824,6.9e-06
362848,6.7e-06
362850,6.7e-06
362851,6.6e-06
362853,6.6e-06
362855,6.5e-06
362858,6.4e-06
362859,6.3e-06
362860,6.3e-06
362864,6.2e-06
362866,6e-06
362869,6e-06
362871,5.8e-06
362872,5.8e-06
362890,5.6e-06
362891,5.6e-06
362895,5.6e-06
362914,5.5e-06
362916,5.4e-06
362918,5.4e-06
362925,5.3e-06
362926,5.3e-06
362928,5.3e-06
362929,5.2e-06
362930,5.2e-06
362934,5.2e-06
362941,5.2e-06
362947,5.1e-06
362952,5e-06
362953,4.9e-06
362955,4.9e-06
363020,4.8e-06
363023,4.8e-06
363032,4.8e-06
363033,4.7e-06
363034,4.7e-06
363036,4.7e-06
363038,4.7e-06
363039,4.7e-06
363040,4.6e-06
363102,4.6e-06
363121,4.5e-06
363123,4.5e-06
363124,4.5e-06
363128,4.4e-06
363129,4.4e-06
363130,4.3e-06
363131,4.3e-06
363136,4.1e-06
363137,4.1e-06
363138,4.1e-06
363143,4e-06
363145,4e-06
363146,4e-06
363147,3.9e-06
363149,3.7e-06
363152,3.6e-06
363153,3.5e-06
363154,3.5e-06
363155,3.4e-06
363157,3.4e-06
363158,3.4e-06
363160,3.4e-06
363161,3.3e-06
363167,3.3e-06
363168,3.3e-06
363261,3.3e-06
363276,3.3e-06
363282,3.2e-06
363284,3.2e-06
363288,3.2e-06
363289,3.2e-06
363304,3.2e-06
363307,3.2e-06
363315,3.2e-06
363317,3.1e-06
363319,3.1e-06
363320,3.1e-06
363322,3.1e-06
363328,3.1e-06
363336,3.1e-06
363337,3.1e-06
363338,3.1e-06
363339,3e-06
363341,3e-06
363345,3e-06
363346,3e-06
363439,2.9e-06
363441,2.9e-06
363442,2.9e-06
363446,2.9e-06
363453,2.9e-06
363455,2.9e-06
363459,2.9e-06
363465,2.8e-06
363467,2.8e-06
363472,2.8e-06
363476,2.8e-06
363477,2.8e-06
363478,2.7e-06
363479,2.7e-06
363480,2.7e-06
363569,2.7e-06
363571,2.7e-06
363580,2.7e-06
363583,2.6e-06
363584,2.6e-06
363588,2.6e-06
363590,2.6e-06
363682,2.6e-06
363684,2.6e-06
363695,2.5e-06
363696,2.5e-06
363697,2.5e-06
363712,2.5e-06
363730,2.5e-06
363738,2.4e-06
363740,2.4e-06
363746,2.4e-06
363751,2.4e-06
363752,2.4e-06
363753,2.4e-06
363754,2.4e-06
363755,2.4e-06
363756,2.3e-06
363757,2.3e-06
363759,2.3e-06
363763,2.3e-06
363764,2.3e-06
363767,2.3e-06
363770,2.3e-06
363771,2.3e-06
363773,2.3e-06
363774,2.2e-06
363776,2.2e-06
363780,2.2e-06
363788,2.2e-06
363862,2.2e-06
363863,2.2e-06
363866,2.2e-06
363868,2.2e-06
363886,2.1e-06
363895,2.1e-06
363896,2.1e-06
363898,2.1e-06
363900,2.1e-06
363902,2.1e-06
363905,2.1e-06
363906,2.1e-06
363909,2.1e-06
363914,2e-06
363916,2e-06
363918,2e-06
363923,2e-06
364006,2e-06
364008,2e-06
364011,2e-06
364012,1.9e-06
364015,1.9e-06
364020,1.9e-06
364022,1.9e-06
364023,1.8e-06
364030,1.8e-06
364031,1.8e-06
364032,1.8e-06
364033,1.8e-06
364035,1.8e-06
364036,1.7e-06
364038,1.7e-06
364041,1.7e-06
364044,1.7e-06
364045,1.7e-06
364047,1.7e-06
364048,1.7e-06
364109,1.7e-06
364135,1.7e-06
364148,1.7e-06
364150,1.7e-06
364163,1.7e-06
364165,1.7e-06
364167,1.6e-06
364169,1.6e-06
364172,1.6e-06
364176,1.6e-06
364179,1.6e-06
364182,1.6e-06
364184,1.6e-06
364186,1.6e-06
364189,1.6e-06
364190,1.5e-06
364191,1.5e-06
364193,1.5e-06
364194,1.5e-06
364195,1.5e-06
364196,1.5e-06
364200,1.5e-06
364201,1.5e-06
364203,1.5e-06
364223,1.5e-06
364251,1.5e-06
364252,1.5e-06
364253,1.5e-06
364261,1.5e-06
364278,1.4e-06
364286,1.4e-06
364289,1.4e-06
364293,1.4e-06
364295,1.4e-06
364299,1.4e-06
364302,1.4e-06
364303,1.4e-06
364304,1.4e-06
364305,1.3e-06
364307,1.3e-06
364309,1.3e-06
364311,1.3e-06
364312,1.3e-06
364314,1.3e-06
364315,1.3e-06
364316,1.3e-06
364318,1.3e-06
364319,1.3e-06
364320,1.3e-06
364321,1.3e-06
364323,1.3e-06
364332,1.2e-06
364333,1.2e-06
364447,1.2e-06
364452,1.2e-06
364454,1.2e-06
364455,1.2e-06
364458,1.2e-06
364460,1.2e-06
364462,1.2e-06
364464,1.2e-06
364467,1.1e-06
364468,1.1e-06
364470,1.1e-06
364472,1.1e-06
364475,1.1e-06
364478,1.1e-06
364479,1e-06
364480,1e-06
364484,1e-06
364485,1e-06
364488,1e-06
364493,1e-06
364495,1e-06
364496,9e-07
364592,9e-07
364597,9e-07
364599,9e-07
364601,9e-07
364603,9e-07
364610,9e-07
364612,9e-07
364624,8e-07
364626,8e-07
364628,8e-07
364631,8e-07
364633,8e-07
364639,8e-07
364640,7e-07
364643,7e-07
364666,7e-07
364667,7e-07
364669,7e-07
364670,7e-07
364672,7e-07
364673,7e-07
364675,7e-07
364678,7e-07
364686,7e-07
364687,7e-07
364689,7e-07
364692,6e-07
364693,6e-07
364694,6e-07
364695,6e-07
364698,6e-07
364699,6e-07
364702,6e-07
364703,6e-07
364705,6e-07
364706,6e-07
364709,5e-07
364715,5e-07
364717,5e-07
364718,5e-07
364721,5e-07
364722,5e-07
364724,5e-07
364728,5e-07
364729,5e-07
364734,4e-07
364735,4e-07
364739,4e-07
364743,4e-07
364748,4e-07
364751,4e-07
364753,4e-07
364767,3e-07
364770,3e-07
364775,3e-07
364776,3e-07
364778,3e-07
364779,3e-07
364780,3e-07
364788,3e-07
364898,3e-07
364926,3e-07
364961,3e-07
364963,2e-07
364964,2e-07
364976,2e-07
364977,2e-07
364978,2e-07
364983,2e-07
364986,2e-07
364993,2e-07
364994,2e-07
364995,2e-07
364996,2e-07
364999,2e-07
365001,2e-07
365004,2e-07
365008,1e-07
365009,1e-07
365073,0.0
376329,0.00032414
373644,0.000372012
365254,0.001321919
375177,0.001554787
371048,0.003724474
368703,0.0037718
376496,0.003925634
369160,0.003972957
373250,0.004030032
377450,0.004570662
377489,0.005026442
369183,0.005235683
375786,0.005385378
367385,0.005790364
372097,0.006369698
374437,0.006401459
372786,0.006596792
373652,0.007559706
368288,0.007959106
369001,0.008006123
373249,0.008834857
371557,0.008879561
367901,0.009127459
366990,0.009135589
366992,0.009441363
366277,0.009880656
370571,0.009940367
370278,0.010197381
376567,0.010612582
368268,0.010716221
368570,0.010855993
371768,0.011395877
369612,0.011830347
376117,0.014458386
367018,0.01501238
370240,0.015028798
367684,0.015612938
366963,0.016728919
367535,0.018295994
371637,0.019504806
369164,0.02014221
372305,0.020667546
365739,0.020699391
370233,0.020822157
371793,0.020948872
367366,0.021555177
378018,0.021795173
376503,0.023545181
371279,0.024731431
373477,0.027337353
376103,0.027387421
374318,0.027579537
365325,0.028496918
367417,0.029011484
368580,0.029521743
366708,0.029583605
365595,0.030003258
372343,0.030424574
372795,0.030808095
371639,0.031022875
370248,0.031223872
369444,0.031312298
367216,0.031991491
375775,0.032035505
378068,0.032059851
367533,0.032284222
374525,0.032570304
367893,0.033145637
376644,0.033315515
376785,0.03374771
376080,0.03429141
368682,0.034779943
369990,0.034949703
375891,0.035530319
377761,0.036565558
376304,0.036748115
374936,0.037312358
365467,0.037457335
366252,0.037780358
372124,0.038220854
376098,0.040112749
366687,0.040615842
374428,0.040738184
368724,0.04099415
367897,0.041180997
365876,0.041265818
378410,0.041447961
376490,0.04354938
367421,0.043559883
372347,0.044764801
368577,0.045374302
371280,0.045555742
371626,0.045649719
376073,0.046618443
375311,0.046856998
366823,0.047760041
366696,0.04845185
366624,0.049753884
375306,0.050212513
377933,0.05058435
368901,0.05156908
373256,0.052426309
370153,0.052521098
371749,0.052567546
370243,0.052679828
369808,0.053680887
369145,0.054632418
368524,0.054943277
367543,0.055378569
375035,0.055455627
367691,0.055467288
367217,0.055470737
370161,0.056338872
365578,0.056457029
374575,0.057253456
367418,0.057332604
372812,0.05771978
374463,0.05799436
365617,0.058876903
378407,0.058974672
373444,0.059641795
369593,0.060129161
369464,0.060959717
372794,0.061936113
377432,0.062044219
371421,0.062414947
375460,0.062625851
374577,0.062745417
374600,0.062825822
377808,0.0631284
369186,0.063356476
370276,0.063605217
365579,0.063826013
370256,0.064432058
365349,0.064529235
369617,0.064546788
367888,0.064739911
370918,0.065079572
372959,0.065081576
365750,0.065176283
366062,0.067015339
373254,0.067042762
374929,0.067845033
373237,0.06812026
376890,0.068410195
377801,0.069032858
367574,0.069238025
367422,0.072403711
375931,0.073154079
367170,0.073753945
374464,0.074337511
373804,0.075810776
377954,0.077631029
367370,0.07818028
369395,0.07844815
375995,0.079027861
372636,0.079061842
374429,0.079562142
368544,0.079598468
369619,0.079705305
369455,0.080005903
378106,0.081096801
366077,0.081169531
368742,0.081566178
367726,0.081862831
369816,0.083187412
373405,0.083421517
370724,0.084010146
372901,0.08591786
373383,0.086202968
371622,0.087732552
365771,0.08775415
377454,0.08875233
377351,0.088890522
372803,0.089474341
369344,0.089698029
365908,0.089698435
369945,0.089734927
377798,0.090009871
373805,0.090263149
373825,0.091404814
368990,0.091670241
377610,0.092420001
376640,0.092429242
376215,0.092709666
375567,0.093277212
378082,0.094091457
369323,0.094582536
373235,0.094623351
375292,0.094651385
368098,0.09468092
366676,0.094914228
365251,0.095605154
375409,0.096135064
365326,0.096364509
377604,0.096737399
366516,0.096802348
366717,0.097704543
370834,0.097713898
366707,0.098529174
378404,0.099416715
367398,0.100402997
371289,0.100831208
371058,0.101024404
372843,0.101469112
375901,0.10211581
365618,0.102405209
368745,0.103051937
374116,0.103140602
367552,0.103802098
370551,0.104374646
368414,0.104392507
367389,0.10443925
366859,0.104568692
367410,0.10517104
366598,0.105205456
366121,0.105387888
371969,0.106278604
372702,0.107838016
374098,0.108868475
367003,0.108920711
369187,0.109465443
375315,0.110116931
370380,0.110200111
370266,0.110209134
367518,0.110498743
369472,0.110845864
366125,0.11091416
371405,0.1111557
372540,0.111526427
376216,0.111595389
370733,0.111649399
366082,0.112212043
369299,0.112722589
376235,0.112971214
366666,0.113252606
368422,0.113553332
372678,0.114399781
371773,0.114529638
366821,0.115238949
376919,0.115834837
369177,0.116772438
373121,0.118499865
366104,0.118845863
376684,0.118984048
369876,0.119718722
377775,0.120146695
377464,0.120158162
377202,0.12051272
372130,0.121477761
370913,0.122025941
374328,0.12273051
368043,0.122784146
378102,0.124209514
370005,0.125443802
377196,0.125520557
371926,0.125712733
365262,0.126242962
370220,0.12639896
373238,0.127815818
376811,0.127874855
373654,0.128088359
371801,0.128409037
365320,0.128624184
376995,0.128770618
370886,0.129447375
370899,0.129508488
376986,0.129644569
368560,0.129877989
373813,0.131015549
369968,0.131557877
371300,0.131735124
373950,0.131752921
372907,0.131802253
371825,0.132027743
370142,0.132403125
372558,0.133122608
366094,0.133806383
370582,0.134220312
374554,0.134264495
377037,0.134679834
376349,0.135347123
365247,0.13563165
374434,0.136601967
376668,0.136872927
375618,0.137295085
369325,0.13868832
378049,0.13888441
371286,0.139519086
372962,0.140667448
368998,0.141015863
377467,0.141801409
371601,0.14182629
367178,0.142669019
371407,0.14291516
375437,0.143072818
371299,0.143971647
367355,0.144014562
368993,0.144988298
368051,0.145852158
370560,0.146015739
368083,0.146281778
378380,0.146394504
365186,0.146411915
369126,0.146657158
372357,0.146875045
375474,0.147376957
374452,0.148334121
376901,0.148546633
366697,0.149623997
366881,0.14975317
367731,0.149912332
365166,0.150124125
377952,0.150692278
369991,0.151264235
367341,0.151610036
376781,0.151918408
369594,0.152794325
366649,0.153038054
367549,0.153449418
365310,0.15360418
373253,0.153755066
367513,0.154655273
369462,0.154754947
371786,0.154824184
370212,0.154931434
367713,0.155430819
366126,0.155656613
370152,0.157791481
376493,0.158573282
369629,0.159407947
369996,0.159780683
376108,0.159959857
368565,0.160646764
374732,0.160786646
367010,0.160876131
368382,0.161096602
377652,0.161921699
367906,0.162646814
365768,0.16285512
369989,0.16339302
367534,0.163525766
366863,0.164083427
373210,0.165166274
376914,0.165937903
374462,0.16709155
370268,0.168039503
366889,0.168618836
374770,0.168786999
367388,0.168918086
365180,0.169072122
365409,0.170834571
368681,0.172327355
375911,0.172644507
367401,0.173092148
365270,0.174091657
373835,0.17410136
370167,0.174307521
378397,0.174771698
375602,0.175341075
365461,0.175747247
377303,0.176100232
366059,0.176404833
370900,0.176651851
367633,0.177038309
367372,0.17841763
367874,0.178551841
377792,0.178849189
371589,0.180348853
365734,0.180829836
369012,0.18124086
371970,0.18240824
367550,0.182782657
366502,0.182793549
368380,0.182914952
365769,0.18313959
374140,0.183214974
373460,0.184107018
374126,0.184175151
371971,0.185301989
372810,0.185683798
375060,0.18620412
376093,0.186239441
367185,0.186360215
365589,0.186862684
372512,0.188286966
373992,0.189268976
377624,0.189327441
378186,0.19005361
366845,0.190458831
374919,0.190971359
367409,0.191273028
372692,0.191468944
370902,0.191524646
371250,0.191602154
373105,0.193742735
373452,0.194080634
375696,0.194753787
365246,0.195128288
367733,0.195278744
375442,0.195709764
366888,0.196101427
373461,0.197141036
365735,0.197334531
370569,0.197612895
374315,0.198052088
374920,0.198235872
367191,0.199790415
375049,0.200004008
377455,0.201230292
375784,0.202747238
365313,0.202818124
373091,0.202853347
374113,0.202979935
368734,0.203348684
365420,0.20351132
375210,0.20365417
370287,0.203970363
371411,0.204666576
366693,0.204717507
369784,0.204766792
366108,0.204945372
372136,0.205094136
370538,0.205524846
367688,0.206955012
375293,0.207597016
376889,0.207835027
368416,0.208215382
370187,0.208613499
367334,0.208972158
372683,0.209258336
373683,0.209943472
371642,0.210572511
375297,0.211388985
371609,0.211939097
376646,0.212322267
370125,0.212586813
365197,0.212709552
372255,0.212717193
366674,0.212911168
375457,0.213600829
374292,0.213911765
374330,0.214654267
378426,0.215953686
366853,0.216735825
366498,0.216872462
368246,0.217223868
365460,0.217500027
367218,0.217940411
369625,0.218160601
372090,0.219020915
366273,0.219223905
368974,0.219617438
367724,0.220191391
371618,0.22058045
370382,0.220606023
375615,0.220686425
372796,0.220996306
367847,0.221317928
365415,0.221594084
371605,0.223857247
367523,0.224515307
365761,0.22486839
368733,0.224925585
376657,0.225089312
366954,0.225208219
372251,0.227690973
365269,0.228151448
369814,0.228236337
368675,0.228480378
372888,0.228998264
377783,0.229610398
366490,0.229665427
377797,0.230395226
369015,0.230461531
374784,0.230469192
369279,0.230900909
367743,0.23249742
368858,0.233584514
374758,0.235263416
376242,0.235424242
371417,0.235769351
371047,0.236170558
372569,0.236974431
371771,0.237474714
368518,0.238083612
365272,0.238141751
365206,0.238385575
367577,0.238826094
365432,0.238832652
369176,0.23919977
371264,0.239547349
371254,0.239672615
374754,0.240246522
369982,0.240440249
373467,0.241248283
372309,0.241670255
372231,0.242328861
365195,0.242890364
369465,0.243394897
372689,0.246265012
374939,0.247038506
366662,0.247460089
367392,0.24863238
371655,0.250488385
377639,0.251063418
375601,0.25111368
371636,0.251268188
365383,0.251969597
376906,0.253295891
376123,0.254018435
373958,0.25401929
371393,0.254109672
374913,0.254171378
366689,0.254461376
365888,0.256253708
378403,0.257175844
369815,0.259126383
371832,0.259720205
370155,0.260334369
373245,0.260981643
368573,0.261036554
378223,0.262707957
371625,0.262990524
370370,0.263274187
367201,0.263581261
378094,0.263860409
375463,0.264222894
374630,0.264525785
378239,0.264691911
369192,0.265043098
375478,0.265193444
376980,0.265197335
378027,0.265198807
376348,0.26540015
368214,0.266355177
374419,0.267182521
370134,0.26835383
373814,0.270410053
377333,0.271724007
376226,0.272602358
369818,0.272735802
368680,0.273601236
371270,0.274868142
374426,0.275007985
374918,0.276590712
372806,0.276865791
373384,0.278008908
372109,0.27887722
366524,0.280142626
368658,0.280216002
368728,0.281247762
365429,0.281659124
375913,0.281776184
366207,0.282627519
372765,0.282708077
365569,0.283105735
366872,0.283128408
367885,0.283147369
376885,0.284791914
365863,0.284809621
368930,0.285116275
372701,0.285619793
377361,0.285637252
365756,0.28643695
366688,0.286591983
375610,0.286607905
365621,0.286986969
369430,0.287151219
378103,0.287322335
378395,0.288295858
373896,0.288387187
376911,0.289512421
366683,0.28983722
368389,0.289935561
369294,0.290017228
372657,0.291191087
365889,0.291557581
377203,0.291615487
367744,0.291781522
377777,0.292083578
371267,0.292403072
367894,0.292442402
365322,0.292790837
366265,0.292824111
373243,0.292960976
371571,0.29300692
374134,0.293527684
376897,0.295008732
370523,0.295361521
365910,0.296164013
367019,0.296204395
369014,0.296484074
371292,0.297225292
375889,0.2975362
377774,0.297976842
366090,0.297980084
366831,0.298372169
365733,0.300295678
377320,0.300733655
368602,0.300835719
376658,0.300908018
369302,0.301818664
371076,0.302078731
372770,0.302467559
371360,0.302785558
365904,0.303785321
372782,0.304020873
372222,0.304103196
376091,0.304130853
369460,0.304502897
365407,0.304633588
370731,0.30554355
366709,0.305764137
374757,0.305838419
372704,0.3077653
367892,0.307834695
372570,0.307967717
373369,0.308913978
373442,0.309282083
368258,0.310457934
376873,0.310469019
368582,0.311035218
375471,0.312077819
366519,0.312407308
365753,0.312425984
365387,0.312516167
374620,0.312975284
367222,0.313126533
372310,0.313527097
377157,0.31451222
373932,0.31488718
378401,0.3155974
371550,0.315621083
377767,0.316681757
373111,0.31671796
369193,0.317674333
366517,0.317814791
370141,0.318128964
371402,0.318374962
365869,0.318782845
374074,0.31945936
369825,0.319876786
368730,0.322848827
371796,0.323405619
374320,0.323973273
378215,0.324144016
374608,0.32446076
370168,0.325628591
371957,0.325662123
375053,0.328209471
368099,0.328829759
369452,0.328892098
377964,0.329340968
377648,0.329749718
369431,0.329859157
368601,0.329944445
372129,0.330503371
369005,0.330515749
369022,0.331119439
371627,0.331176812
367846,0.331473892
378075,0.331716491
370907,0.331799773
374302,0.332587184
378229,0.332811139
373996,0.333164303
374114,0.333414457
369971,0.333443719
367914,0.334000366
377480,0.33402981
373446,0.334685893
374115,0.335150159
366259,0.335344487
376669,0.335968685
366242,0.336111755
366081,0.336306264
373232,0.336318785
365414,0.336616193
370712,0.336901064
370817,0.336928434
376478,0.338006036
369975,0.338124937
376908,0.338345601
368383,0.339332356
368395,0.34008439
366980,0.340615857
366978,0.340950082
371795,0.341062527
371520,0.341471226
367425,0.341608595
376092,0.341960258
375776,0.342420559
375408,0.342904938
374294,0.342947213
369992,0.343431942
365909,0.343619314
371599,0.343688378
378304,0.343932715
369456,0.344632436
367360,0.34512453
365410,0.345702047
367545,0.346028746
374903,0.34605615
375063,0.346348946
372099,0.347897573
378230,0.348378435
376336,0.348557067
367176,0.348584263
369028,0.34874998
367544,0.349102726
366799,0.34966168
365439,0.349725351
371634,0.349901207
368084,0.350063494
368729,0.352055588
369904,0.352710835
375178,0.353158454
376232,0.353600593
376909,0.353715055
375557,0.354332304
368547,0.354565506
372248,0.354768535
370919,0.354873914
371106,0.355366608
371271,0.35539215
370697,0.35540521
369949,0.355948497
374402,0.356047702
377364,0.356363509
367558,0.356611953
370736,0.356633195
373972,0.357045211
372874,0.357251958
366960,0.357793743
374904,0.358159026
367174,0.358601044
377476,0.359393401
367279,0.359580411
376618,0.360737582
365265,0.361652285
373987,0.36173985
366953,0.362437766
372879,0.363036618
367379,0.363213545
366089,0.364430391
366243,0.365432011
377451,0.366343605
367851,0.366350043
377213,0.367066147
366975,0.367235862
368212,0.367426583
365413,0.368007927
377353,0.368154044
376495,0.368558317
371930,0.368664482
367929,0.368675254
371797,0.368763113
368853,0.368908177
367559,0.371306646
368832,0.371364111
367692,0.371744162
368585,0.372619296
366928,0.372995377
370144,0.373245655
366977,0.373664038
368077,0.374049567
373650,0.374459402
378391,0.3748375
367564,0.374859881
376358,0.375120024
365445,0.375404956
374765,0.376351352
376667,0.376559898
368405,0.376686863
373966,0.377215046
376861,0.377898802
367588,0.377972093
371978,0.378382678
371401,0.378545661
367900,0.378611235
370232,0.379124724
371066,0.380180246
370561,0.3809233
371588,0.381911692
365892,0.38224122
369961,0.382498208
377642,0.382645804
373088,0.38340633
369252,0.383468359
377358,0.384013371
377922,0.384014089
368578,0.38461561
367727,0.384974311
378428,0.385517253
376900,0.385554357
374308,0.38596589
366964,0.386412787
376109,0.386770149
365424,0.386777579
376299,0.387277701
370137,0.38810686
373674,0.388366376
365902,0.388406245
372909,0.389131329
369154,0.389692625
373114,0.389819466
373095,0.39000535
371628,0.391215008
367381,0.391297915
375209,0.391501853
374601,0.391918093
367020,0.392342096
368660,0.393198068
368047,0.393444798
366686,0.393955837
373933,0.394145869
366085,0.395399497
365619,0.395530681
367187,0.396200511
369972,0.396925558
369469,0.397146706
368747,0.398967835
375617,0.399362702
370843,0.399837628
376110,0.400919712
366511,0.401119589
375782,0.402868928
370554,0.403286482
371950,0.404613013
369984,0.404866795
367212,0.404873585
372245,0.404931337
368407,0.405069834
376653,0.405174591
372811,0.405360091
367889,0.406408775
374127,0.406436619
372451,0.406698084
378076,0.407199486
376836,0.407306891
371016,0.407502936
373362,0.408039373
375470,0.409100565
369332,0.409771754
368081,0.409891175
371275,0.410655526
367420,0.410673395
377601,0.411434421
369441,0.412113008
374756,0.412543898
367411,0.413013948
367872,0.413034939
365438,0.413842876
373257,0.414770701
375774,0.41516626
368716,0.415859662
365468,0.416054313
367358,0.41691488
372903,0.417746556
372201,0.417785414
368902,0.418330574
373476,0.418570932
373112,0.419195424
375763,0.419765822
373675,0.419881514
375197,0.421023707
374624,0.421180848
374551,0.422711013
369296,0.422735434
376679,0.422859951
366275,0.423270429
368066,0.423607233
374776,0.424676126
370711,0.42468564
367567,0.425442434
373667,0.426004861
371071,0.426300877
369630,0.426706104
373443,0.42698306
374325,0.427050671
368819,0.427522796
377497,0.428059579
370557,0.428479315
366838,0.428926556
369792,0.429464903
370743,0.429655649
371037,0.429844249
376049,0.429910881
377857,0.430376503
370889,0.432287339
365448,0.43237081
375282,0.43258389
377628,0.433228548
367383,0.434228189
372958,0.434682425
365559,0.434810617
376088,0.435258503
374107,0.43616961
377473,0.436754597
368852,0.43725337
374122,0.437363914
371963,0.438202352
377793,0.438563582
371624,0.439481104
369604,0.439943373
375265,0.440206678
365704,0.440507114
372352,0.440780711
373657,0.441085749
374305,0.441198734
370707,0.441297464
368709,0.441391541
368139,0.441883904
369007,0.441913817
372914,0.442166323
376979,0.442648926
376887,0.443290801
371379,0.443388494
367578,0.443659734
372893,0.443980052
374769,0.444810477
370369,0.444828891
368827,0.445906353
370384,0.445958427
373392,0.446978317
371406,0.447094048
375051,0.448185103
367871,0.449207707
377479,0.449632209
377472,0.449697009
367213,0.450874441
375185,0.452768908
366847,0.452818948
369432,0.453024648
370719,0.453739672
373672,0.455286189
372358,0.455799469
374172,0.455871617
368038,0.456095895
367903,0.456142011
373436,0.456260487
372261,0.458054447
369121,0.460108194
369029,0.460699339
377607,0.461021645
372328,0.461096606
371062,0.461309239
376227,0.461427982
371620,0.462027551
372781,0.462118257
366680,0.462302358
377778,0.464340316
367198,0.46513406
374632,0.465968559
365588,0.466549739
373964,0.467019747
365875,0.467390275
373271,0.467775132
366982,0.469489824
368167,0.470049541
367380,0.470088882
372804,0.470911111
376476,0.471244534
365244,0.471936383
369474,0.473133645
374131,0.473485861
371069,0.474170914
370539,0.474354363
376881,0.475508237
368401,0.475943045
370219,0.477535841
369024,0.478164778
367562,0.47862157
369965,0.478688657
374303,0.478796445
365558,0.478943758
369328,0.47964186
369986,0.479946549
375203,0.480690352
367016,0.482160772
369306,0.482939136
367524,0.483611928
371288,0.483645462
377349,0.484345131
373670,0.486700161
377457,0.487279026
378245,0.487959549
374731,0.488465296
365271,0.488574654
367704,0.489392912
369336,0.489526867
373391,0.489754349
375450,0.48976164
373275,0.489985333
370547,0.491121651
367234,0.491674212
367703,0.491763986
373931,0.491926168
377962,0.492580881
365587,0.492695621
365731,0.493381913
370230,0.494275104
377356,0.494630593
373124,0.49468017
373109,0.494757091
377459,0.494961634
375919,0.495768811
371260,0.495931593
375312,0.496214086
373252,0.496603421
374593,0.496673741
368701,0.496925658
367648,0.498793037
365430,0.499772602
369468,0.499789955
374610,0.499867184
369944,0.499932841
368259,0.500079094
374741,0.500505069
368673,0.500782843
370223,0.501026122
370703,0.501082199
366682,0.50249624
373475,0.502534348
372533,0.503500162
368234,0.504297178
366631,0.50474978
375605,0.505037548
375609,0.505075585
373684,0.506270123
376335,0.50631058
368286,0.506845428
376339,0.506908205
365436,0.507301137
366491,0.507592096
370221,0.509424114
372112,0.510385073
366064,0.510580002
373967,0.510802215
375751,0.511328933
371810,0.511543382
369486,0.51180002
368723,0.512343853
376904,0.512828584
367378,0.512919111
366654,0.513507243
376825,0.513790361
365207,0.513821825
373213,0.514470104
374908,0.515081515
367556,0.516159593
366993,0.516346169
370578,0.516610005
375932,0.516723366
370880,0.517046851
365163,0.517914301
371072,0.517981225
370165,0.51840363
367709,0.519114195
376905,0.519777264
376999,0.52035818
376882,0.520708622
372263,0.522276373
377640,0.52238247
366855,0.522515018
367730,0.522827016
375858,0.522967
377498,0.523361947
371369,0.523398207
370286,0.523511135
365884,0.524254937
371291,0.524540267
369473,0.525229731
367723,0.526023207
377449,0.526180619
375792,0.526514614
369421,0.527611518
372787,0.527817452
365249,0.527820064
368550,0.528013881
373217,0.528598745
375791,0.528751152
369153,0.528789866
374500,0.528824171
373473,0.529680919
366957,0.531339372
376932,0.531373499
370518,0.531631151
371990,0.532358737
365890,0.533019251
369021,0.533962662
377927,0.535051979
373070,0.535292439
370709,0.535880765
371083,0.5358895
374777,0.536091103
372891,0.536546184
372767,0.536725929
372329,0.536926217
371983,0.537344619
377371,0.539119739
372345,0.539598143
369597,0.540029557
367223,0.54019488
373435,0.541235229
368996,0.541470012
366672,0.542475326
376810,0.542856708
371295,0.543293885
378427,0.543365482
378231,0.543633482
372788,0.543634024
376500,0.543639725
371293,0.543786578
377428,0.543992171
367557,0.544408545
369542,0.544835174
365782,0.544974158
370140,0.545211681
367568,0.546272536
369962,0.547128343
367589,0.548145096
371781,0.548154885
372541,0.549371559
370260,0.54954523
371829,0.550155376
367548,0.552503622
373673,0.553153578
376511,0.553203459
367591,0.554029508
370931,0.554654758
366962,0.554684112
366700,0.555134248
370579,0.555312063
374738,0.555574701
377372,0.555908418
368406,0.556716553
374293,0.557441557
368404,0.557509553
371363,0.557931778
374615,0.559152147
368568,0.559192467
377478,0.560390925
366873,0.560901954
367390,0.561333272
367393,0.561609615
368850,0.562168196
377615,0.562844752
377784,0.564225159
370588,0.564342034
377186,0.564606595
370580,0.564952852
371984,0.565112302
371992,0.565932318
366976,0.566167459
374926,0.566196272
371614,0.566430698
367221,0.566493318
366247,0.566777806
372339,0.567538147
367302,0.568233399
367232,0.568613935
368835,0.569342929
370925,0.569473343
372792,0.569571628
371091,0.570115214
373260,0.571979987
374125,0.572264896
369957,0.572794904
365800,0.572820905
365885,0.573423728
370570,0.573580542
370926,0.573601736
366109,0.574973731
366504,0.575672704
377482,0.575753862
372546,0.576071965
369313,0.576668459
376894,0.576835511
375916,0.577437391
369993,0.577625804
371068,0.579024628
368588,0.579685251
375909,0.579760596
369303,0.580200515
366088,0.580565328
367007,0.581599919
367590,0.582891363
367922,0.583611518
366239,0.584128778
365253,0.584929851
376867,0.585301697
369970,0.585309664
366257,0.58553989
374329,0.586203884
374915,0.586751726
366678,0.587405517
378406,0.58766818
372887,0.587850069
366684,0.588138218
378067,0.588461488
370255,0.589780088
367017,0.590125236
369429,0.590538499
368825,0.591818515
366691,0.592304055
374425,0.593456635
375304,0.594510405
368187,0.59451367
378379,0.595438084
372320,0.595622159
365582,0.596572302
375174,0.596933021
371283,0.596967155
374713,0.597885475
366973,0.59803555
370749,0.598082715
372164,0.598474935
371649,0.598643143
372351,0.598974547
369321,0.599704054
371078,0.599927319
366002,0.599974201
368970,0.600569419
377360,0.600635821
371960,0.60130978
368071,0.601396164
365565,0.601749353
369956,0.602331888
367394,0.603349294
367844,0.603777893
368291,0.604891128
375754,0.606316091
372882,0.608159184
366202,0.60844751
367877,0.608559479
369478,0.608663936
365732,0.608905524
366116,0.609220687
376879,0.609612492
370282,0.611876958
375562,0.612607432
369794,0.613589736
375910,0.614692517
372137,0.614702056
372904,0.615105794
366250,0.615329874
369146,0.615907856
378237,0.616435414
371092,0.617098662
372802,0.6173846
371617,0.617920867
369959,0.618235463
377647,0.618320237
368676,0.619160633
373373,0.619581308
373218,0.620014177
371961,0.620223605
367228,0.620335112
367742,0.622230138
370591,0.622273708
371060,0.622381726
376877,0.622698485
372359,0.623069796
377338,0.623718969
375778,0.62372552
372252,0.623882037
366668,0.624563468
375920,0.624987276
369300,0.624994012
368281,0.625118395
375369,0.62649399
374734,0.626914896
376446,0.626929271
378078,0.627166581
372247,0.627997672
368863,0.630009695
376502,0.633333495
377791,0.633893368
373182,0.635230416
368041,0.636598897
373991,0.637009649
373971,0.637485014
378060,0.638037813
370718,0.638776893
368091,0.641446638
368953,0.641934473
368739,0.642536059
365447,0.64331314
377627,0.643327821
369442,0.643577692
370906,0.643695189
372793,0.644639475
371962,0.645011095
369550,0.645640797
365295,0.646360849
371082,0.647136587
369337,0.647539246
368053,0.64760823
374123,0.647810546
367391,0.648157921
373773,0.648243119
376100,0.648360982
371408,0.648732453
371415,0.649363135
369807,0.649756571
368429,0.650192055
368418,0.65020259
377205,0.650463476
374622,0.651172965
372341,0.65119608
365457,0.652004549
377632,0.652086107
378377,0.652803937
365384,0.653008068
374446,0.653377566
376102,0.653843957
375780,0.654087787
372324,0.654162085
368269,0.654786883
365208,0.655333597
375299,0.657980565
369018,0.65808129
371815,0.658791814
370818,0.659005779
367364,0.659464764
367546,0.659883029
370924,0.659974758
377651,0.660269598
369980,0.660780534
377490,0.660852197
369795,0.66124539
369983,0.662656116
376355,0.663502852
378388,0.663665774
367205,0.664286789
371420,0.664581441
371598,0.665900366
370576,0.667626084
371604,0.668842165
373378,0.670541778
376920,0.671148281
371826,0.672311724
370592,0.673280005
374824,0.674617999
369606,0.674813359
372332,0.675015656
368058,0.675404185
367891,0.676030783
368264,0.676233424
366716,0.676262349
375436,0.676720336
367899,0.676961661
377786,0.67724186
374146,0.677831198
373685,0.678443811
378303,0.682433975
378381,0.683165471
368437,0.683631027
367180,0.683877531
368097,0.684118838
377001,0.68484108
370734,0.685854279
372264,0.686055151
372230,0.687122313
371610,0.687735425
373983,0.687938901
366526,0.68854586
366663,0.688696787
377738,0.689690476
367925,0.689723692
365728,0.690596259
370695,0.690745526
373949,0.690829981
371265,0.691182662
371404,0.691211188
372131,0.691977668
373344,0.692089348
370909,0.692474997
367004,0.692507409
370896,0.693120813
368267,0.693335569
374456,0.694861475
377796,0.694910985
376638,0.695878062
372896,0.696530617
368260,0.697002969
375171,0.698193413
373796,0.698422804
367511,0.699121316
369877,0.699232277
367930,0.699411496
371375,0.699642096
366095,0.699713414
375307,0.699720307
375028,0.699894297
367023,0.70009958
369329,0.700278685
371980,0.700847345
366987,0.701415743
376086,0.702524842
375587,0.702864813
374582,0.703467431
371989,0.704207477
366885,0.704696204
377504,0.7050224
366492,0.705634944
373214,0.705701825
367719,0.705736146
377898,0.70581206
369793,0.706119673
372679,0.706536205
370157,0.70708607
367365,0.707581763
368287,0.707703335
376338,0.70906593
371811,0.709218014
378187,0.711037995
373669,0.711156987
373424,0.711752202
367183,0.712183202
374590,0.712188867
368270,0.712647258
373680,0.713428509
374779,0.713968055
368987,0.715456975
369777,0.715577793
377194,0.71564725
371967,0.715673715
369585,0.716150221
375296,0.717325604
367927,0.717361086
378249,0.717875209
373104,0.718949109
372563,0.719501948
375313,0.719862864
371613,0.720279839
369315,0.720351844
374914,0.720764336
374604,0.721214736
367336,0.72145643
375912,0.724301042
375147,0.725159346
369810,0.725826127
369034,0.72592067
378384,0.726480214
368718,0.727856428
374764,0.72803064
374432,0.728371418
365191,0.728845958
377779,0.729313372
365126,0.729722543
368196,0.729975093
376477,0.730142506
378101,0.731463802
369450,0.732018703
376116,0.733029858
371772,0.733110331
366078,0.733389656
369631,0.7336205
372556,0.73489969
375918,0.735105591
371584,0.735406216
378409,0.735835833
369470,0.738536786
367551,0.738710711
365900,0.739969404
365776,0.739991499
372085,0.740096082
377766,0.740614627
372107,0.742032637
372282,0.742802111
376865,0.742841699
367536,0.742847889
365314,0.743596358
375285,0.743888612
374556,0.744171894
373480,0.744507046
377931,0.744523541
365602,0.744961258
367495,0.744992399
368289,0.74568342
370249,0.746296251
366870,0.746299228
373445,0.746300965
365437,0.746696408
374139,0.747091281
367384,0.747594157
371255,0.748148976
366107,0.748558368
370545,0.749390724
372534,0.749594706
368973,0.74964562
372125,0.749759197
371597,0.750495638
373106,0.750586819
365594,0.750679651
366098,0.750795639
367566,0.751349723
366263,0.751489255
371105,0.751718841
377618,0.751916691
366100,0.751949146
370929,0.751983952
376233,0.752894861
367400,0.754398396
367910,0.755681659
369476,0.757352591
376243,0.757402727
376486,0.758228778
366101,0.75858862
373928,0.759146387
368256,0.759416234
373447,0.760191243
366860,0.760281245
369588,0.760342636
366804,0.760824186
368433,0.761386681
375599,0.761858509
369586,0.762365509
367522,0.764215459
366974,0.764445027
373823,0.76453478
375195,0.764608988
371657,0.764664137
365747,0.76510607
376120,0.766462192
373824,0.766750769
368594,0.76820915
371621,0.768568916
370701,0.769651375
375622,0.76988856
365867,0.771177458
374602,0.771899352
367920,0.772304259
372877,0.773119547
371593,0.773169273
372326,0.774353042
375908,0.775383204
370103,0.775600595
368402,0.775919776
369180,0.776282456
372103,0.777351316
367898,0.777580031
375126,0.777663704
367735,0.77827563
368677,0.778709151
369174,0.778800972
368012,0.778890752
374576,0.778921294
373953,0.779312883
369308,0.779492548
370209,0.780093886
365187,0.780114116
378414,0.780759097
377807,0.780798154
370147,0.781043116
367220,0.781143051
374558,0.781246226
375294,0.781600306
370270,0.781871459
372557,0.782833952
372133,0.783061376
372110,0.785539668
373472,0.785587646
376191,0.78569904
368240,0.785747693
371097,0.787864957
372102,0.789146149
372249,0.789646345
366665,0.790263479
372895,0.790664965
368403,0.790971274
367214,0.790990842
369549,0.792115328
375857,0.792367253
374905,0.793190058
369006,0.793322972
367192,0.793426856
368839,0.793709592
365462,0.793909741
375318,0.794116582
375781,0.79411726
376878,0.794182896
377471,0.794901973
371362,0.795026415
365434,0.795456746
373468,0.796797049
372736,0.797427609
376454,0.798071085
368415,0.798435871
367005,0.799201771
367908,0.799380812
374289,0.800099229
373681,0.80085964
373653,0.801157877
371788,0.801166855
378419,0.801327355
368864,0.80189386
368600,0.802790591
367884,0.802962578
374787,0.803363641
368061,0.803435271
366706,0.803530716
367886,0.803762352
372232,0.803772087
375040,0.804306943
365168,0.80442397
366205,0.805474086
376886,0.807229108
367613,0.808587998
372340,0.809652949
366509,0.809846106
367571,0.809983196
378396,0.810511892
371084,0.81051375
372902,0.810602308
365534,0.810650868
378251,0.81093259
369599,0.81119367
378405,0.811311953
375301,0.811541267
370737,0.811814966
376083,0.811866359
372898,0.813263607
373816,0.815241877
368222,0.816267528
365442,0.816443259
371065,0.817301896
370288,0.817512638
368085,0.818124954
368425,0.818321656
371633,0.818325776
368834,0.818588199
375166,0.818772897
373827,0.820261663
373965,0.82045646
374296,0.820722946
377629,0.821074059
365751,0.82120509
373123,0.821288145
372743,0.821413826
367932,0.821488818
367540,0.821956041
374327,0.822985541
366930,0.823005204
368432,0.823415108
369798,0.823495188
366871,0.824308489
366515,0.824375191
369546,0.824520054
375473,0.825030715
375310,0.825933569
366066,0.826342395
372711,0.827279055
377638,0.827697308
370891,0.827741382
368559,0.828073643
367879,0.82831119
371079,0.828957868
372096,0.829192852
376504,0.829600467
373469,0.830488545
373371,0.830553158
376512,0.831755056
369805,0.831778215
372241,0.832380634
375048,0.832418238
371387,0.832875367
375452,0.833861981
370164,0.834607982
374927,0.834963739
377183,0.836033077
369487,0.836750726
370257,0.836911214
371281,0.83743173
376832,0.837483088
367753,0.838477847
367711,0.83896338
370573,0.839000968
378083,0.840224772
373984,0.840987783
370910,0.841226114
368720,0.842192557
369004,0.84259926
373258,0.842655548
372331,0.843098197
369804,0.844267983
365167,0.844846075
372323,0.844864257
375924,0.844887662
376323,0.845977032
374455,0.845983317
376888,0.846518663
372769,0.84684856
374316,0.847596374
374603,0.847774829
367363,0.847894717
375321,0.848270226
376839,0.848360948
367926,0.848845714
370188,0.848889404
374259,0.848922953
369017,0.851024791
372226,0.851143359
366994,0.851388604
376096,0.852490856
367215,0.85285441
370885,0.853103573
367553,0.853809245
367887,0.854725002
366986,0.854901978
370552,0.855688265
373380,0.856126872
373248,0.85630042
369605,0.856395249
369151,0.85655104
368750,0.856983243
375454,0.85822975
369788,0.858400784
375594,0.859163779
368290,0.859261961
375284,0.860158556
365324,0.860311223
370251,0.860422708
366865,0.86062338
377713,0.861252083
366844,0.862490973
371228,0.862693183
368230,0.862729444
373428,0.864795983
369938,0.865922289
369448,0.866498401
373822,0.867694653
369790,0.867791965
376896,0.868219518
372805,0.868267927
371629,0.869060496
365759,0.869296369
368988,0.869356553
378240,0.86946518
377362,0.870066659
376489,0.871377065
368373,0.871783127
376326,0.871951466
368392,0.872030033
368248,0.872048761
366087,0.872254441
367233,0.872279882
371774,0.872292745
376754,0.872516644
370210,0.872885442
371643,0.873232597
375904,0.874114334
368411,0.874552307
377958,0.874587457
366278,0.874826156
365591,0.874945987
371819,0.87528676
367408,0.875542362
370246,0.875698305
369987,0.875846061
367561,0.876103664
369178,0.876817165
367173,0.87690414
373963,0.877019004
375760,0.877689698
373267,0.879172795
370567,0.880389467
372965,0.880762632
374751,0.881218924
366505,0.881432592
376359,0.882398665
366869,0.884218132
371094,0.885044285
374940,0.885157969
374607,0.885430657
373466,0.885595712
367754,0.885944514
367413,0.886153726
365599,0.886682158
368413,0.887095387
365189,0.887169889
368192,0.887956637
367532,0.888852995
366092,0.889321113
366983,0.889326451
365597,0.88936335
370280,0.88957582
377365,0.889606539
368838,0.890056011
378054,0.890219945
371088,0.890679151
374581,0.890807657
367699,0.891216388
377901,0.891438847
374739,0.893728917
376876,0.894927678
370565,0.895783312
370584,0.89657541
375896,0.896839273
371778,0.897159452
375037,0.897941619
367740,0.898577292
377735,0.898851848
376350,0.899470818
376912,0.899582643
368569,0.900142878
375922,0.90119672
376112,0.902460611
376234,0.902850636
366650,0.903721203
371813,0.904242801
376993,0.904442095
373515,0.904725788
369274,0.905091
366124,0.905950764
375303,0.907139078
368731,0.907385475
365570,0.908156449
370542,0.908305589
371376,0.908731183
370158,0.909382844
366886,0.909534956
375264,0.909603822
374078,0.90968982
366097,0.909841665
369978,0.912531611
368421,0.912572018
374928,0.912597377
375588,0.912965316
366850,0.913547217
367902,0.913549111
375295,0.914726402
370577,0.914841996
372554,0.915664731
368604,0.91574252
377331,0.916701385
367189,0.917240993
374788,0.9174927
370098,0.91803181
371586,0.91830917
365440,0.918833703
376333,0.919192699
374448,0.919228344
378071,0.919389835
378189,0.919482674
374313,0.920008708
365609,0.920334897
370181,0.920943886
366276,0.92149042
367015,0.922119739
366843,0.923105549
367565,0.923106559
371370,0.923384001
374755,0.927164074
366105,0.927173108
365408,0.927250675
369159,0.927535235
375453,0.92778274
368238,0.928965529
371294,0.929018925
368558,0.930251216
370693,0.93069159
371780,0.930948563
370553,0.93142448
373974,0.931427069
367695,0.931450774
366692,0.932736054
372875,0.93378794
371035,0.933803809
373623,0.934342591
369191,0.935092462
370274,0.935332251
369976,0.935907711
372128,0.93722566
375191,0.937281153
369463,0.937524122
376094,0.937628973
369942,0.937736895
365783,0.937768114
375903,0.937801722
365607,0.93782668
374912,0.93810264
374931,0.938128789
376680,0.938795958
375621,0.939186259
368590,0.939237397
376674,0.940206656
376487,0.941398758
376046,0.941490249
374783,0.942298014
368265,0.943075585
366523,0.943238191
368978,0.943498375
369152,0.944549878
370381,0.945120255
376449,0.946318939
368266,0.946769293
372964,0.94773906
365784,0.948331626
369422,0.949158687
366240,0.949429059
371074,0.949466368
374906,0.952522527
374773,0.952957277
371089,0.953126116
376422,0.953289789
370558,0.953443446
365616,0.95435172
368587,0.954358741
370169,0.95438305
372259,0.954480682
376488,0.954687648
377448,0.95510954
376670,0.955405696
370748,0.955705656
366495,0.956820017
372673,0.957144193
373658,0.957327407
367338,0.957337547
371378,0.95743448
376328,0.958178796
378306,0.958341209
372815,0.958402953
366058,0.958697964
372346,0.958716098
369305,0.960355412
365416,0.961434329
367512,0.962859508
373113,0.963397646
368252,0.96349695
368409,0.963678439
375761,0.963788442
373102,0.964595241
372688,0.964858321
377576,0.965047253
369638,0.965472319
369345,0.965493712
370250,0.965696636
365267,0.967230072
371656,0.967461047
367236,0.969014612
367573,0.969158527
375469,0.969370292
375921,0.96961828
368727,0.972090325
368849,0.972792824
371751,0.972821
375194,0.972843416
374447,0.973708469
368253,0.974173284
365431,0.974915473
370272,0.975342394
368424,0.97553704
367928,0.975585095
373439,0.976013497
368410,0.97699962
365443,0.977695294
367720,0.977868677
375625,0.977929671
368438,0.978057878
367918,0.978600875
374119,0.978874932
367399,0.979736517
374605,0.980352358
365199,0.980455647
375465,0.980530299
371551,0.98161941
376892,0.981752722
368186,0.9821893
373821,0.982875596
371262,0.983354803
376081,0.983574795
369969,0.985061593
371638,0.985490661
368218,0.985827985
369817,0.986219599
374465,0.986224691
365740,0.987027966
365608,0.988286005
373120,0.98874767
368657,0.99071787
369613,0.990765237
374310,0.990954865
367537,0.991004388
374427,0.991410642
368976,0.991512254
376345,0.991723272
373453,0.993078115
377494,0.993405038
377460,0.993435124
370267,0.993685029
376649,0.99401234
377776,0.994071891
368700,0.994260658
366673,0.994338285
377924,0.995043757
369824,0.99612857
377350,0.996476856
371595,0.996514278
371792,0.997107238
368710,0.999693777
372119,0.999977845
